{"cameraMode":{"drawMode":0,"name":"Shaded","section":"Shading Mode"},"sceneLighting":true,"audioPlay":false,"sceneViewState":{"showFog":true,"showMaterialUpdate":false,"showSkybox":true,"showFlares":true,"showImageEffects":true,"showParticleSystems":true},"in2DMode":false,"pivot":{"x":-106.25703430175781,"y":224.9578094482422,"z":39.138282775878909},"rotation":{"x":-0.12535615265369416,"y":-0.8369191288948059,"z":0.4874410033226013,"w":-0.21521742641925813},"size":28.649723052978517,"orthographic":true}